{"cameraMode":{"drawMode":0,"name":"Shaded","section":"Shading Mode"},"sceneLighting":true,"audioPlay":false,"sceneViewState":{"m_AlwaysRefresh":false,"showFog":true,"showSkybox":true,"showFlares":true,"showImageEffects":true,"showParticleSystems":true,"showVisualEffectGraphs":true,"m_FxEnabled":false},"in2DMode":false,"pivot":{"x":0.28792697191238406,"y":2.8603384494781496,"z":-9.187987327575684},"rotation":{"x":-0.04495864361524582,"y":-0.03355402871966362,"z":0.001512046903371811,"w":-0.9984228014945984},"size":0.005396569147706032,"orthographic":false}